<?xml version="1.0" encoding="UTF-8"?>
<project-private xmlns="http://www.netbeans.org/ns/project-private/1">
    <editor-bookmarks xmlns="http://www.netbeans.org/ns/editor-bookmarks/2" lastBookmarkId="0"/>
    <open-files xmlns="http://www.netbeans.org/ns/projectui-open-files/2">
        <group>
            <file>file:/Users/danovargas/Documents/ProyectoPrograUlashit3.0/Proyecto_Final_Progra/src/proyecto_final_progra/MainMenu.java</file>
            <file>file:/Users/danovargas/Documents/ProyectoPrograUlashit3.0/Proyecto_Final_Progra/src/proyecto_final_progra/BuscarCliente.java</file>
            <file>file:/Users/danovargas/Documents/ProyectoPrograUlashit3.0/Proyecto_Final_Progra/src/proyecto_final_progra/IngresarCliente.java</file>
        </group>
    </open-files>
</project-private>
